Title,Version Status,Needs Review,Source,Date Added
Will You Even Listen,needs_source,Yes,pasted by Gannon,2026-06-23
Without You Here,draft,Yes,pasted by Gannon,2026-06-23
I'm Still Here,needs_source,Yes,pasted by Gannon,2026-06-23
I've Been Set Free,needs_source,Yes,pasted by Gannon,2026-06-23
Thankyou,needs_source,Yes,pasted by Gannon,2026-06-23
Because of You,needs_source,Yes,pasted by Gannon,2026-06-23
Broken Inside,sensitive_review,Yes,pasted by Gannon,2026-06-23
Stand By Me Now,needs_source,Yes,pasted by Gannon,2026-06-23
Killing Both Our Hearts,sensitive_review,Yes,pasted by Gannon,2026-06-23
I Found Me,needs_source,Yes,pasted by Gannon,2026-06-23
So Arrogant,sensitive_review,Yes,pasted by Gannon,2026-06-23
Letting Go,sensitive_review,Yes,pasted by Gannon,2026-06-23
You're My Mum,sensitive_review,Yes,pasted by Gannon,2026-06-23
All I Ever Wanted,needs_source,Yes,pasted by Gannon,2026-06-23
Unexpected,needs_source,Yes,pasted by Gannon,2026-06-23
One Day,needs_source,Yes,pasted by Gannon,2026-06-23
Run,needs_source,Yes,pasted by Gannon,2026-06-23