"Label","SourceA","SourceB","ExistsA","ExistsB","SizeAGB","SizeBGB","HashA","HashB","ErrorA","ErrorB","ConfirmedDuplicate","ReviewStatus"
"MyZip.zip","C:\Users\ganno\OneDrive\Documents\Old Computer\The Voice Season 7\MyZip.zip","C:\Users\ganno\OneDrive\Desktop\Google Drive (Not synced)\Lost and Found\MyZip.zip","True","True","1.589","1.589",,,"The file 'C:\Users\ganno\OneDrive\Documents\Old Computer\The Voice Season 7\MyZip.zip' cannot be read: The cloud file provider exited unexpectedly.
","The file 'C:\Users\ganno\OneDrive\Desktop\Google Drive (Not synced)\Lost and Found\MyZip.zip' cannot be read: The cloud file provider exited unexpectedly.
","False","hash_blocked_by_cloud_provider"
"Apple ProRes 4444(1)_1.mov","C:\Users\ganno\OneDrive\Documents\Music\2026\Thankyou\(0) ARTWORK Official\Apple ProRes 4444(1)_1.mov","C:\Users\ganno\OneDrive\Desktop\Google Drive (Not synced)\Lost and Found\Apple ProRes 4444(1)_1.mov","True","True","1.023","1.023",,,"The file 'C:\Users\ganno\OneDrive\Documents\Music\2026\Thankyou\(0) ARTWORK Official\Apple ProRes 4444(1)_1.mov' cannot be read: The cloud file provider exited unexpectedly.
","The file 'C:\Users\ganno\OneDrive\Desktop\Google Drive (Not synced)\Lost and Found\Apple ProRes 4444(1)_1.mov' cannot be read: The cloud file provider exited unexpectedly.
","False","hash_blocked_by_cloud_provider"
"ScreenRecording_03-10-2026 14-35-00_1.MP4","C:\Users\ganno\OneDrive\Documents\Court\Victor\New folder\ScreenRecording_03-10-2026 14-35-00_1.MP4","C:\Users\ganno\OneDrive\Desktop\Google Drive (Not synced)\Lost and Found\ScreenRecording_03-10-2026 14-35-00_1.MP4","True","True","0.743","0.743",,,"The file 'C:\Users\ganno\OneDrive\Documents\Court\Victor\New folder\ScreenRecording_03-10-2026 14-35-00_1.MP4' cannot be read: The cloud file provider exited unexpectedly.
","The file 'C:\Users\ganno\OneDrive\Desktop\Google Drive (Not synced)\Lost and Found\ScreenRecording_03-10-2026 14-35-00_1.MP4' cannot be read: The cloud file provider exited unexpectedly.
","False","hash_blocked_by_cloud_provider"
"ScreenRecording_03-10-2026 14-53-38_1","C:\Users\ganno\OneDrive\Documents\Court\Victor\New folder\ScreenRecording_03-10-2026 14-53-38_1 (1).MP4","C:\Users\ganno\OneDrive\Desktop\Google Drive (Not synced)\Lost and Found\ScreenRecording_03-10-2026 14-53-38_1 (1).MP4","True","True","0.724","0.724",,,"The file 'C:\Users\ganno\OneDrive\Documents\Court\Victor\New folder\ScreenRecording_03-10-2026 14-53-38_1 (1).MP4' cannot be read: The cloud file provider exited unexpectedly.
","The file 'C:\Users\ganno\OneDrive\Desktop\Google Drive (Not synced)\Lost and Found\ScreenRecording_03-10-2026 14-53-38_1 (1).MP4' cannot be read: The cloud file provider exited unexpectedly.
","False","hash_blocked_by_cloud_provider"
"20121110231931.mpg","C:\Users\ganno\OneDrive\Documents\Old Computer\The Voice Season 7\20121110231931.mpg","C:\Users\ganno\OneDrive\Desktop\Google Drive (Not synced)\Lost and Found\20121110231931.mpg","True","True","0.652","0.652",,,"The file 'C:\Users\ganno\OneDrive\Documents\Old Computer\The Voice Season 7\20121110231931.mpg' cannot be read: The cloud file provider exited unexpectedly.
","The file 'C:\Users\ganno\OneDrive\Desktop\Google Drive (Not synced)\Lost and Found\20121110231931.mpg' cannot be read: The cloud file provider exited unexpectedly.
","False","hash_blocked_by_cloud_provider"
"BWV bodycam duplicate","C:\Users\ganno\OneDrive\Documents\Court\Defendant WAYE, GANNON MARIO H 85001219 CAN\BWV RODRIGUES\BWV 54966 SHELDONAxon_Body_4_Video_2025-07-18_1529_D02E09633.mp4","C:\Users\ganno\OneDrive\Desktop\Google Drive (Not synced)\Lost and Found\BWV 54966 SHELDONAxon_Body_4_Video_2025-07-18_1529_D02E09633.mp4","True","True","0.473","0.473",,,"The file 'C:\Users\ganno\OneDrive\Documents\Court\Defendant WAYE, GANNON MARIO H 85001219 CAN\BWV RODRIGUES\BWV 54966 SHELDONAxon_Body_4_Video_2025-07-18_1529_D02E09633.mp4' cannot be read: The cloud file provider exited unexpectedly.
","The file 'C:\Users\ganno\OneDrive\Desktop\Google Drive (Not synced)\Lost and Found\BWV 54966 SHELDONAxon_Body_4_Video_2025-07-18_1529_D02E09633.mp4' cannot be read: The cloud file provider exited unexpectedly.
","False","hash_blocked_by_cloud_provider"
